{"cameraMode":{"drawMode":0,"name":"Shaded","section":"Shading Mode"},"sceneLighting":false,"audioPlay":false,"sceneViewState":{"showFog":true,"showMaterialUpdate":false,"showSkybox":false,"showFlares":true,"showImageEffects":true,"showParticleSystems":true},"in2DMode":false,"pivot":{"x":3.2546844482421877,"y":4.905086517333984,"z":0.9068078994750977},"rotation":{"x":0.2268155962228775,"y":-0.6345760226249695,"z":0.20257246494293214,"w":0.7105183005332947},"size":7.340327262878418,"orthographic":false}