{"cameraMode":{"drawMode":0,"name":"Shaded","section":"Shading Mode"},"sceneLighting":false,"audioPlay":false,"sceneViewState":{"showFog":true,"showMaterialUpdate":false,"showSkybox":false,"showFlares":true,"showImageEffects":true,"showParticleSystems":true},"in2DMode":false,"pivot":{"x":0.4497802257537842,"y":1.280243158340454,"z":0.6046981811523438},"rotation":{"x":0.08206622302532196,"y":-0.5470370054244995,"z":0.05400150269269943,"w":0.8313248157501221},"size":2.0721633434295656,"orthographic":false}