{"cameraMode":{"drawMode":0,"name":"Shaded","section":"Shading Mode"},"sceneLighting":false,"audioPlay":false,"sceneViewState":{"showFog":true,"showMaterialUpdate":false,"showSkybox":false,"showFlares":true,"showImageEffects":true,"showParticleSystems":true},"in2DMode":false,"pivot":{"x":31.899999618530275,"y":1.0397834777832032,"z":0.5},"rotation":{"x":0.1683540791273117,"y":-0.6643674373626709,"z":0.15730932354927064,"w":0.7110075354576111},"size":1.2247456312179566,"orthographic":false}