{"cameraMode":{"drawMode":0,"name":"Shaded","section":"Shading Mode"},"sceneLighting":false,"audioPlay":false,"sceneViewState":{"showFog":true,"showMaterialUpdate":false,"showSkybox":false,"showFlares":true,"showImageEffects":true,"showParticleSystems":true},"in2DMode":false,"pivot":{"x":1.7606148719787598,"y":2.100233554840088,"z":0.9224681854248047},"rotation":{"x":0.26671695709228518,"y":0.01011985819786787,"z":-0.00280073587782681,"w":0.9637185335159302},"size":7.497873306274414,"orthographic":false}