{"cameraMode":{"drawMode":0,"name":"Shaded","section":"Shading Mode"},"sceneLighting":false,"audioPlay":false,"sceneViewState":{"showFog":true,"showMaterialUpdate":false,"showSkybox":false,"showFlares":true,"showImageEffects":true,"showParticleSystems":true},"in2DMode":false,"pivot":{"x":-0.3058757781982422,"y":-1.601245403289795,"z":1.9215532541275025},"rotation":{"x":0.20877526700496674,"y":-0.7216251492500305,"z":0.24596565961837769,"w":0.6125150322914124},"size":4.585317611694336,"orthographic":false}