{"cameraMode":{"drawMode":0,"name":"Shaded","section":"Shading Mode"},"sceneLighting":false,"audioPlay":false,"sceneViewState":{"showFog":true,"showMaterialUpdate":false,"showSkybox":false,"showFlares":true,"showImageEffects":true,"showParticleSystems":true},"in2DMode":false,"pivot":{"x":-0.0010638236999511719,"y":-1.682807445526123,"z":-0.1474306583404541},"rotation":{"x":0.3356419801712036,"y":-0.11546043306589127,"z":0.0414932481944561,"w":0.9339674115180969},"size":3.691267728805542,"orthographic":false}