{"cameraMode":{"drawMode":0,"name":"Shaded","section":"Shading Mode"},"sceneLighting":true,"audioPlay":false,"sceneViewState":{"showFog":true,"showMaterialUpdate":false,"showSkybox":true,"showFlares":true,"showImageEffects":true,"showParticleSystems":true},"in2DMode":false,"pivot":{"x":4.869747161865234,"y":-7.269580841064453,"z":16.802059173583986},"rotation":{"x":0.20877526700496674,"y":-0.7216251492500305,"z":0.24596565961837769,"w":0.6125150322914124},"size":38.99130630493164,"orthographic":false}