{"cameraMode":{"drawMode":0,"name":"Shaded","section":"Shading Mode"},"sceneLighting":true,"audioPlay":false,"sceneViewState":{"showFog":true,"showMaterialUpdate":false,"showSkybox":true,"showFlares":true,"showImageEffects":true,"showParticleSystems":true},"in2DMode":false,"pivot":{"x":9.948238372802735,"y":4.755657196044922,"z":29.300941467285158},"rotation":{"x":0.26671695709228518,"y":0.01011985819786787,"z":-0.00280073587782681,"w":0.9637185335159302},"size":35.267547607421878,"orthographic":false}